{
	"ColumnWidths":
	{
		"PostTitle_5_E8F5D6CC914839D73ACC76A42751AD59": 144.4765625,
		"Profit_21_1E2423959D4E354116F8CD8075A3073A": 79.28125
	}
}